id,first_name,last_name,email,gender,ip_address
1,Gunter,Goodday,ggoodday0@youku.com,Male,93.194.168.18
2,Kalinda,Donet,kdonet1@linkedin.com,Female,155.197.185.135
3,Ashlan,Shillington,ashillington2@yellowbook.com,Female,121.42.109.159
4,Jinny,Tripony,jtripony3@fema.gov,Female,211.53.255.141
5,Keelby,Healeas,khealeas4@cloudflare.com,Male,184.190.121.4
6,Evelin,Muldownie,emuldownie5@1und1.de,Male,164.151.228.110
7,Damiano,Attride,dattride6@edublogs.org,Male,217.109.2.200
8,Donelle,Hallahan,dhallahan7@ustream.tv,Female,10.46.128.179
9,Malva,Pikesley,mpikesley8@census.gov,Female,108.115.32.142
10,Emera,Pittendreigh,epittendreigh9@webmd.com,Female,41.69.180.52
11,Iver,Steanson,isteansona@youku.com,Male,119.52.183.216
12,Aubrey,Marre,amarreb@nba.com,Female,20.184.81.120
13,Ulick,Piola,upiolac@mashable.com,Male,232.88.4.83
14,Laure,Diaper,ldiaperd@sitemeter.com,Female,109.141.204.192
15,Lisle,Dittson,ldittsone@cocolog-nifty.com,Male,82.202.165.231
16,Reena,Bride,rbridef@ibm.com,Female,191.93.121.59
17,Bridgette,Kiddell,bkiddellg@msu.edu,Female,103.219.52.37
18,Gwenette,Harrell,gharrellh@prweb.com,Female,57.251.232.139
19,Harriett,Selbach,hselbachi@hc360.com,Female,112.149.190.132
20,Perle,Austing,paustingj@posterous.com,Female,178.88.1.135
21,Henrie,Wais,hwaisk@ca.gov,Female,211.243.72.201
22,Erick,Peers,epeersl@berkeley.edu,Male,164.81.81.236
23,Loree,Chedgey,lchedgeym@shareasale.com,Female,184.171.10.182
24,Joell,Mendonca,jmendoncan@usgs.gov,Female,175.147.16.148
25,Terri-jo,Caughan,tcaughano@shop-pro.jp,Female,237.12.52.225
26,Allie,Rakes,arakesp@tiny.cc,Female,44.126.248.155
27,Denys,Kingzett,dkingzettq@mit.edu,Female,190.236.10.178
28,Lazaro,Grimsditch,lgrimsditchr@alexa.com,Male,169.157.9.123
29,Drusi,Stainbridge,dstainbridges@vistaprint.com,Female,22.47.49.188
30,Maribelle,Rushe,mrushet@newyorker.com,Female,142.132.213.35
31,Garrick,Nossent,gnossentu@dropbox.com,Male,59.158.119.171
32,Prue,Le Surf,plesurfv@globo.com,Female,250.80.67.183
33,Jay,Linkin,jlinkinw@ucoz.com,Male,180.49.35.162
34,Killie,Eccleston,kecclestonx@hexun.com,Male,31.224.65.52
35,Gabi,Raynard,graynardy@about.me,Female,75.17.150.163
36,Farica,Pele,fpelez@twitpic.com,Female,231.53.76.87
37,Laughton,Grief,lgrief10@wikia.com,Male,117.171.186.108
38,Ernest,St. Aubyn,estaubyn11@lycos.com,Male,103.135.12.24
39,Bailey,Mardee,bmardee12@bandcamp.com,Male,6.37.78.239
40,Carlin,D'Almeida,cdalmeida13@army.mil,Male,44.54.85.139
41,Kelcy,Yankishin,kyankishin14@stumbleupon.com,Female,122.57.207.13
42,Yehudit,Velti,yvelti15@techcrunch.com,Male,56.190.125.43
43,Tracey,Birth,tbirth16@prnewswire.com,Male,204.193.236.62
44,Audrie,Porter,aporter17@usgs.gov,Female,104.217.154.28
45,Lyssa,Purchon,lpurchon18@alexa.com,Female,232.15.2.241
46,Daryl,Tenpenny,dtenpenny19@independent.co.uk,Female,102.30.177.85
47,Willette,Nelhams,wnelhams1a@last.fm,Female,113.240.15.41
48,Hew,Odde,hodde1b@state.tx.us,Male,19.239.159.127
49,Lamont,Rameau,lrameau1c@scribd.com,Male,93.197.164.162
50,Daphene,Manuel,dmanuel1d@about.com,Female,240.77.52.28
51,Josie,Langeren,jlangeren1e@domainmarket.com,Female,177.117.151.183
52,Jordanna,Fulker,jfulker1f@godaddy.com,Female,72.11.169.249
53,Meta,Featherstone,mfeatherstone1g@admin.ch,Female,137.117.43.165
54,Rik,Merrick,rmerrick1h@ebay.com,Male,144.14.9.252
55,Ode,Bertlin,obertlin1i@vk.com,Male,137.52.158.118
56,Agnes,Shanley,ashanley1j@forbes.com,Female,169.73.149.149
57,Sean,Blazdell,sblazdell1k@home.pl,Male,231.176.105.21
58,Ariana,Blazejewski,ablazejewski1l@flickr.com,Female,201.46.198.42
59,Jarid,Renackowna,jrenackowna1m@blinklist.com,Male,244.131.220.36
60,Sherry,Bartzen,sbartzen1n@state.gov,Female,227.246.18.231
61,Rochester,Surgood,rsurgood1o@berkeley.edu,Male,132.220.0.144
62,Vassili,Martinetto,vmartinetto1p@qq.com,Male,150.123.176.9
63,Christi,Kern,ckern1q@ed.gov,Female,65.117.158.120
64,Rosanna,Ludvigsen,rludvigsen1r@gov.uk,Female,114.102.97.238
65,Gerri,Kilalea,gkilalea1s@blogtalkradio.com,Male,252.114.92.42
66,Sanford,Trengove,strengove1t@meetup.com,Male,203.188.232.76
67,Helen-elizabeth,Drohan,hdrohan1u@narod.ru,Female,180.226.143.98
68,Jobye,Berthomier,jberthomier1v@etsy.com,Female,108.178.55.184
69,Avigdor,Rebillard,arebillard1w@japanpost.jp,Male,141.254.189.147
70,Pippa,Kupper,pkupper1x@unesco.org,Female,106.20.192.29
71,Yorke,Tennant,ytennant1y@purevolume.com,Male,202.9.72.14
72,Eva,Treves,etreves1z@miibeian.gov.cn,Female,7.69.225.86
73,Lindsy,Pharo,lpharo20@booking.com,Female,140.171.180.72
74,Doy,Sutterfield,dsutterfield21@cafepress.com,Male,134.195.191.141
75,Rockie,Snedden,rsnedden22@hexun.com,Male,161.100.118.56
76,Trix,Redmell,tredmell23@tumblr.com,Female,77.112.163.188
77,Fayre,Storr,fstorr24@macromedia.com,Female,113.16.200.219
78,Jemmy,Slora,jslora25@thetimes.co.uk,Female,16.25.140.201
79,Hildagarde,Howkins,hhowkins26@oracle.com,Female,80.12.185.188
80,Inez,Woofinden,iwoofinden27@xinhuanet.com,Female,81.21.133.103
81,Myrilla,Brum,mbrum28@princeton.edu,Female,159.65.226.6
82,Inez,Orneles,iorneles29@posterous.com,Female,175.175.221.249
83,Waverley,Craythorn,wcraythorn2a@goo.gl,Male,42.23.70.46
84,Joseito,Ennor,jennor2b@eventbrite.com,Male,208.38.107.107
85,Port,Henrych,phenrych2c@hao123.com,Male,16.107.197.89
86,Melany,Casoni,mcasoni2d@netscape.com,Female,109.24.215.38
87,Aigneis,Graver,agraver2e@twitter.com,Female,236.247.85.74
88,Marcy,Bilovus,mbilovus2f@cdbaby.com,Female,92.98.181.226
89,Glynda,Wattingham,gwattingham2g@ycombinator.com,Female,139.33.155.2
90,Viviene,Bautiste,vbautiste2h@yolasite.com,Female,90.63.178.228
91,Imogen,Giraudo,igiraudo2i@columbia.edu,Female,165.94.185.88
92,Bryn,Marqyes,bmarqyes2j@patch.com,Male,68.198.137.255
93,Diarmid,Terrazzo,dterrazzo2k@cpanel.net,Male,6.70.40.222
94,Jana,Mapson,jmapson2l@unesco.org,Female,223.42.124.178
95,Celie,Hanstock,chanstock2m@infoseek.co.jp,Female,196.38.92.199
96,Philippine,Sarfass,psarfass2n@chron.com,Female,202.180.114.89
97,Hugues,Steffens,hsteffens2o@skyrock.com,Male,110.45.240.146
98,Mignonne,MacVay,mmacvay2p@geocities.com,Female,135.24.254.161
99,Rori,Bull,rbull2q@live.com,Female,20.72.114.121
100,Julianna,Dacca,jdacca2r@wisc.edu,Female,134.239.98.100
101,Warde,Kimmerling,wkimmerling2s@weibo.com,Male,8.246.121.191
102,George,Laughlan,glaughlan2t@discovery.com,Male,177.175.8.130
103,Perle,Hambribe,phambribe2u@booking.com,Female,128.157.237.161
104,Giles,Ashelford,gashelford2v@geocities.com,Male,243.133.57.44
105,Ingram,Biaggioni,ibiaggioni2w@sphinn.com,Male,139.134.47.148
106,Ichabod,Binns,ibinns2x@spotify.com,Male,103.87.186.22
107,Tomaso,Yorston,tyorston2y@mayoclinic.com,Male,175.220.37.122
108,Ursula,Shapera,ushapera2z@xinhuanet.com,Female,178.140.119.242
109,Beckie,Simcox,bsimcox30@bing.com,Female,231.109.66.111
110,Kiri,Lifton,klifton31@tinyurl.com,Female,229.170.50.169
111,Ailbert,Legerwood,alegerwood32@liveinternet.ru,Male,8.25.63.203
112,Patrice,Trunkfield,ptrunkfield33@over-blog.com,Male,23.117.222.56
113,Perrine,Ruit,pruit34@army.mil,Female,104.142.56.17
114,Iorgos,Malins,imalins35@msn.com,Male,174.173.39.88
115,Carlye,Rustich,crustich36@ca.gov,Female,97.83.84.48
116,Lelah,Doutch,ldoutch37@jimdo.com,Female,208.66.150.218
117,Matti,Stanbro,mstanbro38@sakura.ne.jp,Female,55.179.116.76
118,Krystyna,Brazel,kbrazel39@usa.gov,Female,199.61.23.47
119,Lyndsay,Swalteridge,lswalteridge3a@uol.com.br,Female,165.161.0.23
120,Erich,Gudde,egudde3b@about.com,Male,6.61.29.250
121,Nonie,Patroni,npatroni3c@phoca.cz,Female,99.107.16.224
122,Benedict,Norton,bnorton3d@youtu.be,Male,149.181.16.53
123,Connor,Mummery,cmummery3e@reddit.com,Male,135.102.218.233
124,Charita,Brotherhed,cbrotherhed3f@ftc.gov,Female,170.59.69.38
125,Ripley,Carnie,rcarnie3g@jigsy.com,Male,185.81.205.210
126,Hailey,Chillcot,hchillcot3h@webnode.com,Male,63.105.129.104
127,Gal,Vasyunin,gvasyunin3i@ftc.gov,Male,79.20.93.245
128,Rosette,Storck,rstorck3j@google.ru,Female,59.23.75.153
129,Pearla,Paskerful,ppaskerful3k@ucoz.ru,Female,49.52.200.69
130,Rhoda,Anthony,ranthony3l@parallels.com,Female,8.22.181.37
131,Karylin,Percy,kpercy3m@tuttocitta.it,Female,37.72.207.62
132,Giselle,Northleigh,gnorthleigh3n@yandex.ru,Female,17.242.153.194
133,Dana,Lacknor,dlacknor3o@furl.net,Female,46.113.245.1
134,Rory,Moretto,rmoretto3p@aol.com,Male,182.99.235.110
135,Zelma,Guenther,zguenther3q@gnu.org,Female,232.125.241.175
136,Rickert,Lippingwell,rlippingwell3r@usatoday.com,Male,91.136.38.172
137,Enrico,Donaghy,edonaghy3s@studiopress.com,Male,94.222.23.28
138,Libbie,Gotts,lgotts3t@privacy.gov.au,Female,134.19.45.1
139,Benji,Denisard,bdenisard3u@cargocollective.com,Male,41.135.144.114
140,Tally,Ceccoli,tceccoli3v@mashable.com,Male,93.233.193.149
141,Omar,Royall,oroyall3w@admin.ch,Male,189.60.26.131
142,Fremont,Wombwell,fwombwell3x@reference.com,Male,243.41.45.209
143,Magdaia,Felix,mfelix3y@gizmodo.com,Female,236.182.157.151
144,Krishnah,Bastie,kbastie3z@about.com,Male,207.181.230.182
145,Chrissie,Trehearn,ctrehearn40@toplist.cz,Female,82.236.26.114
146,Mattheus,Jancar,mjancar41@hatena.ne.jp,Male,26.36.170.100
147,Hernando,Coppock.,hcoppock42@privacy.gov.au,Male,176.183.146.19
148,Riane,Newband,rnewband43@adobe.com,Female,94.47.242.180
149,Gabie,Verrall,gverrall44@netscape.com,Female,172.64.43.94
150,Drake,Hake,dhake45@hugedomains.com,Male,239.139.155.126
151,Jackquelin,Jeste,jjeste46@wikipedia.org,Female,12.198.20.60
152,Eve,Hamm,ehamm47@boston.com,Female,126.38.16.135
153,Obie,Follet,ofollet48@admin.ch,Male,184.84.173.97
154,Dena,Ellingford,dellingford49@naver.com,Female,126.34.238.141
155,Lew,Ingry,lingry4a@yelp.com,Male,239.146.240.92
156,Shelby,Soares,ssoares4b@alibaba.com,Male,212.41.54.158
157,Myca,Harlick,mharlick4c@globo.com,Male,18.13.182.247
158,Tedman,Muge,tmuge4d@deliciousdays.com,Male,2.62.127.239
159,Josepha,Larmour,jlarmour4e@shop-pro.jp,Female,112.108.82.217
160,Odo,MacSkeagan,omacskeagan4f@alibaba.com,Male,214.140.78.174
161,Alfons,Gyles,agyles4g@topsy.com,Male,253.197.11.138
162,Rosemarie,Hedley,rhedley4h@cisco.com,Female,182.230.102.199
163,Babs,Leadstone,bleadstone4i@mayoclinic.com,Female,91.38.221.63
164,Moise,Ballance,mballance4j@ihg.com,Male,59.30.116.248
165,Brunhilde,Urrey,burrey4k@squidoo.com,Female,145.54.25.214
166,Yolanda,Jessope,yjessope4l@sciencedaily.com,Female,120.194.126.217
167,Grazia,Gimblett,ggimblett4m@phpbb.com,Female,252.255.128.137
168,Freeman,Gulberg,fgulberg4n@bluehost.com,Male,55.249.236.2
169,Tammi,Marney,tmarney4o@shareasale.com,Female,211.49.14.60
170,Ewan,Spinella,espinella4p@goo.gl,Male,25.141.9.35
171,Emmett,Selway,eselway4q@cam.ac.uk,Male,221.96.218.161
172,Joseito,Royl,jroyl4r@google.pl,Male,47.181.145.155
173,Eziechiele,Syrett,esyrett4s@cloudflare.com,Male,61.167.20.43
174,Barny,Woodyeare,bwoodyeare4t@i2i.jp,Male,166.238.94.130
175,Ryun,Reboulet,rreboulet4u@google.co.jp,Male,81.129.199.70
176,Althea,Magrane,amagrane4v@state.gov,Female,4.224.22.137
177,Vickie,Knightly,vknightly4w@fc2.com,Female,66.78.174.140
178,Orella,Southgate,osouthgate4x@boston.com,Female,27.201.121.115
179,Albertine,McGray,amcgray4y@irs.gov,Female,231.212.54.68
180,Raynell,Kittredge,rkittredge4z@yolasite.com,Female,195.190.176.161
181,Shelia,Wegener,swegener50@pen.io,Female,133.130.33.229
182,Caryn,D'Aubney,cdaubney51@usatoday.com,Female,45.92.207.241
183,Mehetabel,Pirson,mpirson52@webs.com,Female,210.105.112.47
184,Dehlia,Ogus,dogus53@oracle.com,Female,150.247.46.114
185,Brett,Esposita,besposita54@nasa.gov,Male,154.226.143.249
186,Wynn,Stogill,wstogill55@shinystat.com,Female,233.149.146.71
187,Rodolph,Donaway,rdonaway56@comcast.net,Male,177.57.0.196
188,Kimberlyn,Quimby,kquimby57@skype.com,Female,21.202.139.234
189,Heinrick,Boeck,hboeck58@skyrock.com,Male,32.245.170.238
190,Jereme,Carlos,jcarlos59@amazon.co.jp,Male,229.33.148.39
191,Lizzie,Eymor,leymor5a@ihg.com,Female,207.203.171.151
192,Gaven,Tiuit,gtiuit5b@acquirethisname.com,Male,36.108.150.61
193,Leda,Rzehor,lrzehor5c@example.com,Female,137.56.218.94
194,Lenore,Boat,lboat5d@google.ru,Female,88.34.212.24
195,Theo,Broadist,tbroadist5e@usa.gov,Male,112.222.125.69
196,Asa,Sheringham,asheringham5f@oracle.com,Male,189.215.14.5
197,Arlyne,Menary,amenary5g@bloglines.com,Female,55.5.33.192
198,Arnaldo,Bicksteth,abicksteth5h@house.gov,Male,152.143.229.221
199,Callean,Hatry,chatry5i@goodreads.com,Male,83.47.186.150
200,Zarla,Ravenhill,zravenhill5j@so-net.ne.jp,Female,11.40.234.92
201,Mitzi,Kersey,mkersey5k@icio.us,Female,11.16.255.202
202,Austina,Riediger,ariediger5l@china.com.cn,Female,83.65.111.8
203,Elliot,Tumility,etumility5m@trellian.com,Male,212.138.227.232
204,Alley,Baudi,abaudi5n@arstechnica.com,Male,4.214.141.17
205,Bartlett,Uttermare,buttermare5o@parallels.com,Male,215.157.45.52
206,Ernie,Hawken,ehawken5p@dailymail.co.uk,Male,218.102.67.180
207,Alfreda,Demare,ademare5q@deviantart.com,Female,111.99.136.133
208,Donnie,McMichell,dmcmichell5r@sogou.com,Male,129.138.80.220
209,Frances,Haswell,fhaswell5s@timesonline.co.uk,Female,139.249.129.7
210,Gasparo,Callery,gcallery5t@scientificamerican.com,Male,202.136.114.33
211,Norene,Corby,ncorby5u@earthlink.net,Female,234.228.188.185
212,Fawnia,Ramelot,framelot5v@github.io,Female,182.73.95.25
213,Rozanne,Pilfold,rpilfold5w@vinaora.com,Female,104.50.115.147
214,Lindsey,Snozzwell,lsnozzwell5x@vk.com,Male,162.10.79.115
215,Arther,Inggall,ainggall5y@live.com,Male,84.75.206.22
216,Antonina,Stetson,astetson5z@unc.edu,Female,36.31.73.19
217,Malissa,Heaps,mheaps60@bigcartel.com,Female,218.93.206.19
218,Shurlock,Popple,spopple61@nsw.gov.au,Male,11.97.220.75
219,Rosie,Whiteley,rwhiteley62@chron.com,Female,64.98.38.114
220,Sonnie,Mattocks,smattocks63@salon.com,Male,202.229.181.237
221,Glynnis,Ellerey,gellerey64@si.edu,Female,194.183.72.110
222,Morie,Barnsdall,mbarnsdall65@imdb.com,Male,95.244.77.26
223,Clemmy,Crossthwaite,ccrossthwaite66@51.la,Female,89.162.231.98
224,Ramsey,Smyth,rsmyth67@geocities.jp,Male,168.151.203.157
225,Silvie,Kardos,skardos68@china.com.cn,Female,246.77.1.110
226,Antonia,Emig,aemig69@timesonline.co.uk,Female,152.253.114.87
227,Bailey,Leupold,bleupold6a@army.mil,Male,253.253.135.245
228,Grata,Leggate,gleggate6b@constantcontact.com,Female,245.92.106.140
229,Northrop,Paye,npaye6c@twitpic.com,Male,13.241.179.87
230,Pete,Beauly,pbeauly6d@jalbum.net,Male,44.49.14.65
231,Patty,Badby,pbadby6e@ucoz.ru,Male,219.84.207.248
232,Adel,Oylett,aoylett6f@shareasale.com,Female,48.219.212.83
233,Gaultiero,Yurchenko,gyurchenko6g@infoseek.co.jp,Male,181.192.69.202
234,Ingar,Dalwood,idalwood6h@hud.gov,Male,53.42.102.89
235,Loni,Westover,lwestover6i@sourceforge.net,Female,123.157.37.210
236,Kim,Adamovitch,kadamovitch6j@hugedomains.com,Male,225.11.51.229
237,Vanda,Hebble,vhebble6k@1und1.de,Female,128.43.245.24
238,Crawford,Littlejohn,clittlejohn6l@ox.ac.uk,Male,145.142.155.20
239,Herc,Stidever,hstidever6m@slate.com,Male,77.209.79.217
240,Zeke,Goatman,zgoatman6n@theglobeandmail.com,Male,163.82.65.74
241,Iosep,Chown,ichown6o@biblegateway.com,Male,48.212.53.252
242,Keely,Dagworthy,kdagworthy6p@arstechnica.com,Female,48.97.203.71
243,Cord,Malam,cmalam6q@mapy.cz,Male,161.177.93.100
244,Bea,Seale,bseale6r@wufoo.com,Female,101.207.99.201
245,Owen,Semble,osemble6s@seattletimes.com,Male,122.104.177.67
246,Belle,Tooze,btooze6t@gmpg.org,Female,31.62.34.223
247,Tomas,Janicki,tjanicki6u@wix.com,Male,62.211.154.224
248,Kennan,Wiggett,kwiggett6v@goodreads.com,Male,146.231.11.196
249,Steward,De Paoli,sdepaoli6w@marketwatch.com,Male,3.59.86.114
250,Calhoun,Decreuze,cdecreuze6x@wikipedia.org,Male,161.20.191.161
251,Maren,Helliwell,mhelliwell6y@chronoengine.com,Female,155.158.2.127
252,Moritz,Emanson,memanson6z@webmd.com,Male,215.106.95.35
253,Oliver,Selwood,oselwood70@aol.com,Male,147.216.75.92
254,Brandi,Baack,bbaack71@ucsd.edu,Female,40.13.55.215
255,Sarene,Yitzhak,syitzhak72@forbes.com,Female,44.11.111.10
256,Devlin,Lyon,dlyon73@sohu.com,Male,175.81.98.94
257,Ber,Veld,bveld74@samsung.com,Male,220.138.8.235
258,Corabelle,Staveley,cstaveley75@lulu.com,Female,240.167.234.59
259,Bunnie,Huws,bhuws76@nbcnews.com,Female,117.101.25.207
260,Patton,Goodinson,pgoodinson77@scientificamerican.com,Male,76.82.121.18
261,Roderich,Jodkowski,rjodkowski78@icio.us,Male,245.76.124.101
262,Harley,Jachimiak,hjachimiak79@ebay.com,Male,29.231.26.220
263,Shadow,Wansbury,swansbury7a@ucla.edu,Male,65.126.176.254
264,Jake,Orans,jorans7b@plala.or.jp,Male,7.22.84.176
265,Bary,Chapelhow,bchapelhow7c@cpanel.net,Male,95.197.6.135
266,Gunther,Giffaut,ggiffaut7d@home.pl,Male,106.2.213.5
267,Christos,Orgill,corgill7e@mayoclinic.com,Male,58.90.214.28
268,Frederigo,McAlister,fmcalister7f@hatena.ne.jp,Male,68.36.86.26
269,Marysa,Meriton,mmeriton7g@amazon.com,Female,192.183.99.30
270,Blinnie,Gleadhall,bgleadhall7h@paypal.com,Female,5.61.20.170
271,Mora,Slym,mslym7i@constantcontact.com,Female,206.92.159.232
272,Egor,Tovey,etovey7j@amazon.com,Male,247.14.155.190
273,Daile,Dennett,ddennett7k@nih.gov,Female,39.123.69.14
274,Aveline,Innott,ainnott7l@house.gov,Female,145.124.95.51
275,Lulu,Vowdon,lvowdon7m@kickstarter.com,Female,131.244.181.215
276,Niki,Serrell,nserrell7n@state.gov,Male,119.251.97.240
277,Saleem,Burleton,sburleton7o@phoca.cz,Male,61.216.97.139
278,Berri,Kleiner,bkleiner7p@i2i.jp,Female,168.20.152.5
279,Xenia,Tennison,xtennison7q@fastcompany.com,Female,43.137.15.229
280,Madelon,Crassweller,mcrassweller7r@prnewswire.com,Female,224.245.14.40
281,Shay,O'Corhane,socorhane7s@imdb.com,Female,103.159.176.85
282,Chic,De Cruze,cdecruze7t@shareasale.com,Male,92.66.57.227
283,Howie,Alabone,halabone7u@ucoz.ru,Male,137.157.214.226
284,Darrel,Dearn,ddearn7v@drupal.org,Male,89.115.231.115
285,Jephthah,Christoffels,jchristoffels7w@guardian.co.uk,Male,211.7.71.32
286,Abraham,Kirkam,akirkam7x@auda.org.au,Male,231.26.205.176
287,Glory,Allix,gallix7y@samsung.com,Female,229.85.229.28
288,Catharine,MacLaren,cmaclaren7z@ebay.co.uk,Female,115.53.123.251
289,Sharla,Aitchison,saitchison80@edublogs.org,Female,180.253.47.160
290,Saw,Argo,sargo81@addthis.com,Male,63.222.24.183
291,Melina,Knottley,mknottley82@tmall.com,Female,30.149.194.99
292,Rosalinda,Baird,rbaird83@marriott.com,Female,248.232.14.31
293,Milissent,Cridland,mcridland84@gizmodo.com,Female,41.162.123.222
294,Neala,Dirkin,ndirkin85@cbslocal.com,Female,73.229.12.249
295,Chrissy,Rowes,crowes86@twitpic.com,Female,189.212.104.138
296,Adrian,Booy,abooy87@ocn.ne.jp,Male,142.249.142.36
297,Darwin,Larive,dlarive88@umn.edu,Male,28.22.163.217
298,Cordey,Moulsdale,cmoulsdale89@harvard.edu,Female,131.141.123.185
299,Alene,Twittey,atwittey8a@dagondesign.com,Female,19.67.137.17
300,Nessie,Ledrane,nledrane8b@tmall.com,Female,218.7.7.104
301,Hestia,Deane,hdeane8c@tinyurl.com,Female,210.246.0.101
302,Field,Oxbury,foxbury8d@economist.com,Male,89.193.96.237
303,Archibold,MacBarron,amacbarron8e@census.gov,Male,221.29.112.60
304,Liane,Cumpton,lcumpton8f@hc360.com,Female,41.57.221.200
305,Riccardo,Duffill,rduffill8g@github.com,Male,245.89.252.92
306,Duncan,Bencher,dbencher8h@tripadvisor.com,Male,51.124.93.177
307,Clevie,Lefeuvre,clefeuvre8i@drupal.org,Male,10.169.152.236
308,Gwendolin,Maile,gmaile8j@china.com.cn,Female,172.121.188.95
309,Giff,Proudman,gproudman8k@oakley.com,Male,227.118.141.15
310,Caren,Priddey,cpriddey8l@ucla.edu,Female,196.49.177.54
311,Buddy,Norcutt,bnorcutt8m@clickbank.net,Male,162.217.91.10
312,Arabella,Loft,aloft8n@infoseek.co.jp,Female,127.234.77.188
313,Ashton,Lethbrig,alethbrig8o@ucoz.com,Male,137.68.34.250
314,Caprice,Learmont,clearmont8p@odnoklassniki.ru,Female,227.62.98.74
315,Mufi,Olufsen,molufsen8q@behance.net,Female,40.120.255.126
316,Evelin,Salliere,esalliere8r@newsvine.com,Male,246.32.92.206
317,Kyle,Laboune,klaboune8s@ovh.net,Male,114.231.63.164
318,Bear,Vergo,bvergo8t@webnode.com,Male,84.241.241.201
319,Alasteir,Sampey,asampey8u@webeden.co.uk,Male,35.181.50.35
320,Amandie,Hugin,ahugin8v@alibaba.com,Female,211.201.48.249
321,Roberto,Barrowcliffe,rbarrowcliffe8w@japanpost.jp,Male,171.153.107.8
322,Alaric,Prisk,aprisk8x@va.gov,Male,131.103.133.80
323,Rora,Slocomb,rslocomb8y@slashdot.org,Female,124.91.188.191
324,Fletcher,Roubeix,froubeix8z@cloudflare.com,Male,96.163.236.134
325,Asia,Richardeau,arichardeau90@sciencedirect.com,Female,177.132.63.225
326,Eberhard,Tremathick,etremathick91@ask.com,Male,87.217.166.174
327,Olympia,Davidson,odavidson92@mozilla.org,Female,8.9.188.227
328,Latia,Kaley,lkaley93@globo.com,Female,130.87.156.195
329,Jerad,Niessen,jniessen94@techcrunch.com,Male,54.135.202.167
330,Homer,Kurten,hkurten95@marriott.com,Male,145.190.181.23
331,Sidoney,Sillars,ssillars96@ehow.com,Female,28.132.156.237
332,Ingeberg,Kennedy,ikennedy97@netscape.com,Female,27.172.143.47
333,Araldo,Ogles,aogles98@bloomberg.com,Male,9.65.206.209
334,Ansel,Braidwood,abraidwood99@blogspot.com,Male,245.158.223.46
335,Con,Sprulls,csprulls9a@youtu.be,Female,107.162.60.14
336,Alvin,Abela,aabela9b@answers.com,Male,163.255.231.207
337,Minnie,Edmonds,medmonds9c@quantcast.com,Female,73.136.176.195
338,Fanny,Tungate,ftungate9d@wikia.com,Female,52.205.145.32
339,Fred,Forster,fforster9e@discuz.net,Male,191.74.19.247
340,Demetria,Fanshaw,dfanshaw9f@blinklist.com,Female,130.202.11.71
341,Odessa,Alyokhin,oalyokhin9g@bloglovin.com,Female,91.117.191.234
342,Damon,Abrashkin,dabrashkin9h@printfriendly.com,Male,197.143.240.95
343,Stephi,Innman,sinnman9i@wordpress.com,Female,130.236.58.156
344,Emmy,Flintoft,eflintoft9j@toplist.cz,Female,128.239.23.58
345,Aldridge,Varnham,avarnham9k@vkontakte.ru,Male,185.154.124.114
346,Theadora,Teasdale,tteasdale9l@technorati.com,Female,113.91.233.117
347,Vale,Franckton,vfranckton9m@mtv.com,Female,225.99.192.148
348,Aurlie,Bowld,abowld9n@artisteer.com,Female,78.73.199.114
349,Flem,Buick,fbuick9o@ameblo.jp,Male,128.251.171.2
350,Oralla,Tamlett,otamlett9p@ucoz.com,Female,20.46.72.112
351,Thain,Eisikovitsh,teisikovitsh9q@loc.gov,Male,190.118.245.10
352,Kane,Righy,krighy9r@ox.ac.uk,Male,206.124.167.225
353,Anna-diana,Biggerstaff,abiggerstaff9s@parallels.com,Female,184.193.230.77
354,Hilary,Frantzeni,hfrantzeni9t@unicef.org,Male,68.170.15.200
355,Russell,Risborough,rrisborough9u@google.pl,Male,186.17.184.64
356,Janeva,Muckloe,jmuckloe9v@geocities.jp,Female,184.92.197.164
357,Valentina,Savary,vsavary9w@google.pl,Female,162.32.158.35
358,Lance,Richold,lrichold9x@prnewswire.com,Male,148.238.241.74
359,Shanna,Cody,scody9y@example.com,Female,68.137.77.139
360,Bat,Poore,bpoore9z@statcounter.com,Male,54.242.64.126
361,Loreen,Terese,lteresea0@ning.com,Female,243.177.163.200
362,Bethany,Huey,bhueya1@un.org,Female,150.21.210.63
363,Vally,Audiss,vaudissa2@redcross.org,Female,236.139.125.174
364,Mada,Dobrovolski,mdobrovolskia3@dedecms.com,Female,140.235.153.155
365,Daniel,Chidgey,dchidgeya4@arstechnica.com,Male,68.188.11.205
366,Rene,Alldritt,ralldritta5@bigcartel.com,Female,98.235.192.74
367,Cassie,Strafen,cstrafena6@ow.ly,Male,172.161.88.89
368,Shaw,Byrde,sbyrdea7@ameblo.jp,Male,194.40.235.217
369,Dollie,Duffett,dduffetta8@yolasite.com,Female,75.124.137.83
370,Katy,Willoughley,kwilloughleya9@freewebs.com,Female,122.150.189.214
371,Jasen,Wiz,jwizaa@ucla.edu,Male,28.234.127.148
372,Junia,Klasing,jklasingab@mit.edu,Female,131.68.97.167
373,Fin,Endicott,fendicottac@instagram.com,Male,176.182.34.203
374,Clair,Heaford,cheafordad@tuttocitta.it,Female,15.109.61.154
375,Phil,Harvard,pharvardae@imgur.com,Male,113.164.28.68
376,Stefano,Torregiani,storregianiaf@chicagotribune.com,Male,67.105.201.76
377,Pauline,Beinisch,pbeinischag@ftc.gov,Female,174.94.75.172
378,Osmund,Dukesbury,odukesburyah@istockphoto.com,Male,114.23.93.125
379,Hastie,Takos,htakosai@narod.ru,Male,38.57.251.23
380,Adrianna,Berisford,aberisfordaj@blogspot.com,Female,155.182.24.238
381,Nicholas,Bernaert,nbernaertak@zdnet.com,Male,163.51.240.162
382,Frederick,MacRannell,fmacrannellal@lycos.com,Male,115.53.30.167
383,Ariela,Thumann,athumannam@cpanel.net,Female,72.125.164.189
384,Avrom,De Mitri,ademitrian@marketwatch.com,Male,70.160.145.218
385,Marco,Braferton,mbrafertonao@ameblo.jp,Male,250.132.249.98
386,Penny,Abbott,pabbottap@tamu.edu,Male,58.2.118.0
387,Jehanna,Lunk,jlunkaq@oaic.gov.au,Female,76.111.177.197
388,Putnem,Rubinshtein,prubinshteinar@earthlink.net,Male,66.131.30.18
389,Idell,Hackett,ihackettas@vimeo.com,Female,64.35.27.1
390,Arleen,Gatfield,agatfieldat@techcrunch.com,Female,218.199.37.215
391,Jourdain,Sandlin,jsandlinau@soundcloud.com,Male,135.16.152.137
392,Mac,Langsdon,mlangsdonav@nationalgeographic.com,Male,21.4.23.47
393,Merwyn,Grishankov,mgrishankovaw@simplemachines.org,Male,63.33.151.71
394,Nerissa,Foston,nfostonax@purevolume.com,Female,227.170.178.67
395,Rori,Chessel,rchesselay@yolasite.com,Female,50.17.232.176
396,Karlens,Wilkerson,kwilkersonaz@altervista.org,Male,182.224.113.133
397,Annelise,Janek,ajanekb0@npr.org,Female,99.177.98.146
398,Garreth,Scully,gscullyb1@noaa.gov,Male,224.83.101.118
399,Kristofor,Sarney,ksarneyb2@free.fr,Male,217.92.150.148
400,Maurise,Miebes,mmiebesb3@usnews.com,Female,122.75.65.62
401,Barton,Crocetti,bcrocettib4@nhs.uk,Male,97.70.252.125
402,Erhart,Moorcroft,emoorcroftb5@sitemeter.com,Male,142.221.222.81
403,Ezekiel,Jerdon,ejerdonb6@t.co,Male,68.8.147.90
404,Talia,Cummings,tcummingsb7@soup.io,Female,183.65.245.232
405,Jerrome,Puckham,jpuckhamb8@icq.com,Male,224.233.142.193
406,Hube,Ransley,hransleyb9@goo.gl,Male,140.137.185.170
407,Karia,Truckett,ktruckettba@parallels.com,Female,96.78.144.67
408,Ivor,Jenk,ijenkbb@tmall.com,Male,98.191.17.78
409,Johnath,Minot,jminotbc@adobe.com,Female,121.28.10.50
410,Brice,Dargie,bdargiebd@biglobe.ne.jp,Male,228.33.80.124
411,Kathy,O'Connell,koconnellbe@list-manage.com,Female,11.115.181.52
412,Tuckie,Peirpoint,tpeirpointbf@people.com.cn,Male,250.67.244.210
413,Abram,Twallin,atwallinbg@psu.edu,Male,220.5.52.234
414,Margeaux,Sprowson,msprowsonbh@surveymonkey.com,Female,85.53.252.253
415,Phineas,Crossman,pcrossmanbi@typepad.com,Male,193.225.129.86
416,Kinsley,Huntall,khuntallbj@reddit.com,Male,65.201.223.25
417,Lauryn,Harrald,lharraldbk@hibu.com,Female,36.72.158.161
418,Kelsey,Matic,kmaticbl@statcounter.com,Female,6.210.210.166
419,Kylie,Jacobi,kjacobibm@naver.com,Female,93.123.70.176
420,Sam,Kinver,skinverbn@pbs.org,Female,174.165.70.85
421,Hyacinthia,Garrod,hgarrodbo@webeden.co.uk,Female,101.30.76.108
422,Raven,Fulton,rfultonbp@sciencedaily.com,Female,218.0.117.116
423,Scottie,Soldi,ssoldibq@slideshare.net,Male,181.56.171.245
424,Tremayne,Baldacchino,tbaldacchinobr@spiegel.de,Male,153.147.54.105
425,Jillayne,Kitteman,jkittemanbs@webeden.co.uk,Female,233.145.3.10
426,Rheba,Penlington,rpenlingtonbt@hud.gov,Female,174.204.108.84
427,Liane,de Zamora,ldezamorabu@cafepress.com,Female,210.167.14.220
428,Kym,Lukock,klukockbv@blogs.com,Female,34.52.24.248
429,Yule,Yakovlev,yyakovlevbw@amazon.co.jp,Male,6.61.62.147
430,Lancelot,Gilfether,lgilfetherbx@hatena.ne.jp,Male,28.226.76.183
431,Merna,Ferraretto,mferrarettoby@hubpages.com,Female,186.101.145.100
432,De witt,Smorthwaite,dsmorthwaitebz@flavors.me,Male,20.203.163.35
433,Davon,Farrier,dfarrierc0@vistaprint.com,Male,90.177.97.212
434,Rey,Heskin,rheskinc1@bloglovin.com,Male,189.164.52.225
435,Cesare,Sharpling,csharplingc2@symantec.com,Male,139.189.178.50
436,Kit,Yurenev,kyurenevc3@dailymotion.com,Male,148.154.115.190
437,Jehu,Olding,joldingc4@squarespace.com,Male,217.88.78.184
438,Jamesy,Antcliff,jantcliffc5@cloudflare.com,Male,140.242.35.177
439,Gearalt,Cloughton,gcloughtonc6@senate.gov,Male,205.87.166.58
440,Cairistiona,Baudino,cbaudinoc7@indiegogo.com,Female,30.16.10.56
441,Trevar,Ollett,tollettc8@scribd.com,Male,170.134.138.21
442,Zachery,Scones,zsconesc9@census.gov,Male,136.152.73.78
443,Dodie,Vidler,dvidlerca@forbes.com,Female,84.241.232.147
444,Mathilda,Dmitrienko,mdmitrienkocb@wordpress.org,Female,208.16.168.92
445,Bridie,McLaverty,bmclavertycc@acquirethisname.com,Female,182.231.24.221
446,Dorey,Wherton,dwhertoncd@multiply.com,Male,232.192.98.76
447,Vinny,Ettery,vetteryce@un.org,Male,212.153.182.113
448,Theadora,Tomaini,ttomainicf@360.cn,Female,27.59.133.242
449,Ira,Tuke,itukecg@army.mil,Male,84.104.84.50
450,Elizabet,Hainning,ehainningch@chron.com,Female,238.92.62.236
451,Martynne,Ludford,mludfordci@sitemeter.com,Female,171.95.40.157
452,Tamma,Benit,tbenitcj@printfriendly.com,Female,8.208.182.84
453,Denyse,Tofful,dtoffulck@free.fr,Female,30.244.193.88
454,Brocky,Ellam,bellamcl@wufoo.com,Male,99.88.250.1
455,Templeton,Gave,tgavecm@omniture.com,Male,237.30.211.27
456,Olympia,MacCumiskey,omaccumiskeycn@admin.ch,Female,7.46.243.111
457,Shaine,Emberson,sembersonco@java.com,Male,184.170.179.130
458,Lauren,Flintoft,lflintoftcp@elegantthemes.com,Female,178.247.39.158
459,Frasquito,Linkie,flinkiecq@twitter.com,Male,7.42.135.168
460,Currie,Hollebon,cholleboncr@ezinearticles.com,Male,244.121.135.61
461,Davidson,Ropars,droparscs@mapquest.com,Male,78.249.114.66
462,Archambault,Vasilchikov,avasilchikovct@nytimes.com,Male,9.179.238.40
463,Artemas,Durran,adurrancu@nature.com,Male,16.207.11.101
464,Tamra,Kimbling,tkimblingcv@wordpress.org,Female,80.74.96.221
465,Kaleena,Killoran,kkillorancw@e-recht24.de,Female,116.123.185.191
466,Alphonso,Ennew,aennewcx@amazon.com,Male,19.169.108.65
467,Wilek,Kohrs,wkohrscy@mtv.com,Male,150.66.91.25
468,Curry,Howsan,chowsancz@flavors.me,Male,253.105.23.141
469,Kerry,Dirand,kdirandd0@simplemachines.org,Male,76.217.92.125
470,Konstance,Goranov,kgoranovd1@techcrunch.com,Female,163.213.125.148
471,Virgina,Van Hesteren,vvanhesterend2@un.org,Female,224.132.244.129
472,Trenton,Murney,tmurneyd3@thetimes.co.uk,Male,182.201.236.75
473,Harland,Purcell,hpurcelld4@pen.io,Male,127.60.32.188
474,Charlie,Dearman,cdearmand5@miibeian.gov.cn,Male,220.113.47.134
475,Elva,Cordey,ecordeyd6@posterous.com,Female,39.246.129.176
476,Whitaker,Dripp,wdrippd7@blogspot.com,Male,227.136.79.188
477,Hollie,Mattusov,hmattusovd8@sbwire.com,Female,173.170.217.239
478,Hana,Danser,hdanserd9@goodreads.com,Female,140.86.129.105
479,Konrad,Detheridge,kdetheridgeda@bbb.org,Male,27.141.45.74
480,Reinhold,Regorz,rregorzdb@arstechnica.com,Male,56.54.14.91
481,Loni,Falconer,lfalconerdc@intel.com,Female,219.66.70.40
482,Alfred,Mounter,amounterdd@xinhuanet.com,Male,124.15.222.65
483,Toinette,Raiment,traimentde@google.fr,Female,52.66.235.103
484,Marshall,Newlove,mnewlovedf@dailymotion.com,Male,127.23.1.101
485,Garrek,Kinneally,gkinneallydg@spiegel.de,Male,219.33.81.88
486,Rawley,Olfert,rolfertdh@unesco.org,Male,202.72.12.29
487,Erna,Beacroft,ebeacroftdi@wikia.com,Female,163.224.155.98
488,Darice,Olivella,dolivelladj@addtoany.com,Female,179.183.53.75
489,Riley,Hardinge,rhardingedk@mac.com,Male,96.209.8.52
490,Alfie,Grattan,agrattandl@geocities.com,Female,107.205.53.162
491,Isabelita,Swanton,iswantondm@scribd.com,Female,255.185.116.167
492,Wyatt,Cullinan,wcullinandn@ed.gov,Male,16.165.198.0
493,Rafaela,Hallagan,rhallagando@shareasale.com,Female,134.22.111.167
494,Dicky,Wain,dwaindp@tinyurl.com,Male,168.64.43.101
495,Geoffry,Gligoraci,ggligoracidq@mozilla.org,Male,36.32.251.45
496,Lucinda,De Hooge,ldehoogedr@comcast.net,Female,46.13.253.205
497,Wenonah,Samples,wsamplesds@digg.com,Female,189.29.133.239
498,Gordy,Jenicek,gjenicekdt@homestead.com,Male,152.194.212.33
499,Helenelizabeth,Dundendale,hdundendaledu@gravatar.com,Female,34.64.167.162
500,Annamaria,Derisley,aderisleydv@irs.gov,Female,202.159.247.24
501,Austine,Mazella,amazelladw@fda.gov,Female,34.70.248.152
502,Sharron,Stockill,sstockilldx@php.net,Female,174.241.152.84
503,Carmelina,Yankeev,cyankeevdy@infoseek.co.jp,Female,192.44.65.74
504,Violante,Porte,vportedz@patch.com,Female,235.182.183.237
505,Adele,Siemens,asiemense0@thetimes.co.uk,Female,124.84.200.216
506,Monti,Limpkin,mlimpkine1@earthlink.net,Male,96.191.76.27
507,Colman,Cheeke,ccheekee2@nifty.com,Male,91.80.206.162
508,Harold,Cutcliffe,hcutcliffee3@twitpic.com,Male,174.7.231.75
509,Sharlene,Kimblen,skimblene4@wiley.com,Female,120.227.192.2
510,Teddie,Daid,tdaide5@mozilla.com,Male,3.65.123.59
511,Nelly,MacAndrew,nmacandrewe6@facebook.com,Female,193.246.21.237
512,Orbadiah,Tenman,otenmane7@illinois.edu,Male,218.2.45.159
513,Lindon,Want,lwante8@thetimes.co.uk,Male,172.174.157.150
514,Mag,Swaffer,mswaffere9@sfgate.com,Female,237.168.115.39
515,Louisette,Rollinson,lrollinsonea@amazonaws.com,Female,253.123.35.105
516,Nettle,McCorley,nmccorleyeb@theatlantic.com,Female,56.73.25.141
517,Ainslie,Middlewick,amiddlewickec@printfriendly.com,Female,245.168.245.152
518,Eliot,Viles,evilesed@omniture.com,Male,44.210.13.245
519,Sandy,Hardingham,shardinghamee@altervista.org,Male,246.224.39.152
520,Hans,Showl,hshowlef@hp.com,Male,245.227.4.196
521,Jeana,Kennerley,jkennerleyeg@epa.gov,Female,229.162.184.154
522,Eugene,Guidone,eguidoneeh@hud.gov,Male,212.69.72.161
523,Larissa,Donnell,ldonnellei@dedecms.com,Female,92.25.77.248
524,Briano,Brocks,bbrocksej@about.com,Male,237.56.22.226
525,Edna,Mordue,emordueek@github.com,Female,225.35.178.194
526,Kaspar,Cicerone,kciceroneel@furl.net,Male,235.26.119.55
527,Ricard,Forgie,rforgieem@instagram.com,Male,215.117.205.224
528,Sheeree,Riordan,sriordanen@phoca.cz,Female,37.249.134.140
529,Agretha,Mitten,amitteneo@timesonline.co.uk,Female,127.86.169.92
530,Marcelle,Swadden,mswaddenep@who.int,Female,102.226.213.79
531,Marleen,Redmille,mredmilleeq@eventbrite.com,Female,224.147.205.217
532,Indira,Selcraig,iselcraiger@cisco.com,Female,179.47.158.20
533,Serena,Bindon,sbindones@ehow.com,Female,244.196.19.39
534,Barbaraanne,Spelling,bspellinget@mysql.com,Female,37.57.117.159
535,Bevin,Warnock,bwarnockeu@thetimes.co.uk,Male,97.20.203.74
536,Cornelius,Carluccio,ccarluccioev@pbs.org,Male,48.141.150.49
537,Gideon,Blazynski,gblazynskiew@privacy.gov.au,Male,110.176.5.254
538,Niel,Shannon,nshannonex@sciencedirect.com,Male,93.70.55.67
539,Wynny,Rumsey,wrumseyey@behance.net,Female,184.50.203.53
540,Cory,Pechacek,cpechacekez@facebook.com,Male,174.201.113.177
541,Evelyn,Pendergast,ependergastf0@google.ca,Male,7.48.162.177
542,Maurits,De Ferrari,mdeferrarif1@studiopress.com,Male,59.49.132.17
543,Monro,Thatcher,mthatcherf2@naver.com,Male,102.217.10.213
544,Menard,Allonby,mallonbyf3@arizona.edu,Male,63.53.168.187
545,Edouard,Caudelier,ecaudelierf4@oaic.gov.au,Male,140.105.253.26
546,Chickie,Sallnow,csallnowf5@desdev.cn,Female,158.67.167.114
547,Sharleen,Beincken,sbeinckenf6@photobucket.com,Female,162.81.226.193
548,Osbert,Petrulis,opetrulisf7@google.co.jp,Male,125.224.210.7
549,Lyssa,Fulep,lfulepf8@wired.com,Female,30.207.251.41
550,Raquela,Taillard,rtaillardf9@unesco.org,Female,219.215.4.57
551,Esmeralda,Dash,edashfa@google.ru,Female,244.125.119.141
552,Amelita,Lindl,alindlfb@i2i.jp,Female,209.3.132.66
553,Jackelyn,Trimmill,jtrimmillfc@squarespace.com,Female,185.38.13.100
554,Sollie,Whitechurch,swhitechurchfd@homestead.com,Male,61.197.27.121
555,Pablo,Fortye,pfortyefe@princeton.edu,Male,88.159.70.132
556,Rawley,Kopp,rkoppff@geocities.jp,Male,160.135.190.33
557,Baillie,Josselsohn,bjosselsohnfg@trellian.com,Male,203.71.38.94
558,Johnna,Gurton,jgurtonfh@smugmug.com,Female,221.42.117.103
559,Esme,Deetlefs,edeetlefsfi@mashable.com,Male,197.39.247.7
560,Julian,Healings,jhealingsfj@multiply.com,Male,112.189.149.193
561,Martie,Castiblanco,mcastiblancofk@odnoklassniki.ru,Male,225.29.56.38
562,Laurella,Manis,lmanisfl@tripadvisor.com,Female,13.226.202.175
563,Alanah,Sharp,asharpfm@umn.edu,Female,134.9.125.156
564,Valry,Everill,veverillfn@bizjournals.com,Female,70.178.163.118
565,Rebecca,Brafield,rbrafieldfo@quantcast.com,Female,35.44.86.126
566,Augusto,Imloch,aimlochfp@icq.com,Male,188.70.56.255
567,Krishna,Hudspith,khudspithfq@mozilla.org,Male,79.240.62.34
568,Ravid,Grubbe,rgrubbefr@amazonaws.com,Male,249.19.128.201
569,Hobard,Branson,hbransonfs@goo.ne.jp,Male,204.203.171.114
570,Efrem,Hovenden,ehovendenft@privacy.gov.au,Male,176.160.243.227
571,Shep,Cowperthwaite,scowperthwaitefu@discuz.net,Male,98.169.143.152
572,Rowe,Spurrett,rspurrettfv@webmd.com,Female,34.232.241.144
573,Chick,Burree,cburreefw@ucsd.edu,Male,154.190.150.31
574,Karol,Suttell,ksuttellfx@netlog.com,Female,124.40.115.7
575,Halsy,Caulfield,hcaulfieldfy@123-reg.co.uk,Male,75.70.198.81
576,Lyndsey,Snow,lsnowfz@xinhuanet.com,Female,238.107.203.146
577,Earle,Croke,ecrokeg0@usda.gov,Male,51.96.217.112
578,Renard,Fetteplace,rfetteplaceg1@craigslist.org,Male,72.134.68.42
579,Millard,Winskill,mwinskillg2@ning.com,Male,199.40.145.124
580,Joannes,Biasi,jbiasig3@de.vu,Female,255.224.183.54
581,Marmaduke,Putson,mputsong4@opensource.org,Male,46.133.9.104
582,Witty,Tomkins,wtomkinsg5@ovh.net,Male,9.151.153.11
583,Rouvin,Tamlett,rtamlettg6@youtu.be,Male,227.163.162.87
584,Hewet,Valerio,hvaleriog7@cmu.edu,Male,215.104.168.123
585,Zulema,Benoit,zbenoitg8@fotki.com,Female,226.161.64.102
586,Berni,Mattis,bmattisg9@soundcloud.com,Female,64.23.177.140
587,Kenton,Lovie,kloviega@liveinternet.ru,Male,145.151.169.89
588,Inez,Landsberg,ilandsberggb@mayoclinic.com,Female,218.48.59.241
589,Harmony,Lucian,hluciangc@deliciousdays.com,Female,132.89.138.135
590,Myrlene,Ainley,mainleygd@sitemeter.com,Female,152.113.93.62
591,Shem,Szubert,sszubertge@smh.com.au,Male,37.238.195.73
592,Ryann,Ghilks,rghilksgf@photobucket.com,Female,71.167.157.103
593,Justis,Ambrogiotti,jambrogiottigg@jimdo.com,Male,82.126.250.46
594,Almeda,Boden,abodengh@rambler.ru,Female,240.152.131.182
595,Bastian,Roddam,broddamgi@sakura.ne.jp,Male,246.94.78.112
596,Nelli,Matyas,nmatyasgj@fotki.com,Female,100.129.77.45
597,Sander,Mance,smancegk@umich.edu,Male,75.66.105.177
598,Marji,Disley,mdisleygl@gravatar.com,Female,187.201.147.103
599,Ivor,Reith,ireithgm@addtoany.com,Male,39.25.131.202
600,Nikola,Bagnell,nbagnellgn@webmd.com,Male,210.139.114.4
601,Caren,Fatscher,cfatschergo@usgs.gov,Female,40.227.161.58
602,Trstram,MacHarg,tmacharggp@elegantthemes.com,Male,155.85.245.154
603,Elga,Shiell,eshiellgq@joomla.org,Female,8.192.120.89
604,Sianna,Fleeman,sfleemangr@theguardian.com,Female,48.150.189.201
605,Bengt,Dahl,bdahlgs@foxnews.com,Male,64.55.85.254
606,Sabine,Dubbin,sdubbingt@cargocollective.com,Female,52.187.246.248
607,Corine,Bolitho,cbolithogu@unesco.org,Female,174.77.206.193
608,Charmane,Wildish,cwildishgv@webmd.com,Female,107.66.92.19
609,Carlota,D'Avaux,cdavauxgw@nba.com,Female,247.210.220.135
610,Shalom,Geck,sgeckgx@illinois.edu,Male,37.215.150.122
611,Royal,Grayshon,rgrayshongy@yahoo.com,Male,132.192.242.2
612,Marie-jeanne,Going,mgoinggz@skype.com,Female,125.42.208.60
613,Evvy,Pavlov,epavlovh0@amazon.co.uk,Female,48.98.195.68
614,Lucine,Breheny,lbrehenyh1@weibo.com,Female,58.119.126.243
615,Bentley,Casiero,bcasieroh2@who.int,Male,39.174.47.154
616,Gerald,Float,gfloath3@chronoengine.com,Male,51.5.58.172
617,Chickie,Cridland,ccridlandh4@mysql.com,Female,75.212.71.221
618,Albert,Meddemmen,ameddemmenh5@e-recht24.de,Male,177.106.21.190
619,Taddeo,Kirsch,tkirschh6@ftc.gov,Male,39.55.105.11
620,Marybeth,Morgon,mmorgonh7@biglobe.ne.jp,Female,23.32.230.25
621,Adiana,Perris,aperrish8@smugmug.com,Female,108.232.199.146
622,Meaghan,Bovis,mbovish9@themeforest.net,Female,54.66.175.30
623,Nicol,Iglesias,niglesiasha@nasa.gov,Female,125.95.168.13
624,Barbaraanne,Paviour,bpaviourhb@cdbaby.com,Female,42.254.13.159
625,Eartha,Loughan,eloughanhc@pcworld.com,Female,40.64.233.137
626,Erena,Chatin,echatinhd@photobucket.com,Female,234.180.28.250
627,Stafford,O'Brallaghan,sobrallaghanhe@ask.com,Male,203.104.212.252
628,Mada,Cockle,mcocklehf@webeden.co.uk,Female,146.251.192.216
629,Bax,Barclay,bbarclayhg@biblegateway.com,Male,49.107.191.207
630,Mendie,Khalid,mkhalidhh@artisteer.com,Male,136.101.146.153
631,Miquela,Broome,mbroomehi@t.co,Female,139.12.131.32
632,Jenelle,Guinn,jguinnhj@dailymotion.com,Female,158.173.229.95
633,Cesar,Cartmale,ccartmalehk@sina.com.cn,Male,106.183.120.69
634,Alexandros,Gunson,agunsonhl@1688.com,Male,130.61.151.238
635,Garek,Bischoff,gbischoffhm@shinystat.com,Male,141.216.61.84
636,Ase,Niset,anisethn@dot.gov,Male,150.238.232.208
637,Flossi,Kristiansen,fkristiansenho@patch.com,Female,233.25.37.81
638,Brander,Werlock,bwerlockhp@geocities.com,Male,251.64.67.72
639,Lucila,Borzone,lborzonehq@reference.com,Female,47.100.16.135
640,Franzen,Duignan,fduignanhr@hubpages.com,Male,182.142.186.207
641,Stanley,Nelissen,snelissenhs@princeton.edu,Male,33.61.135.155
642,Sherye,O'Cullen,socullenht@miibeian.gov.cn,Female,62.72.98.122
643,Lorry,Van Baaren,lvanbaarenhu@123-reg.co.uk,Male,44.99.117.98
644,Denis,Maylam,dmaylamhv@sfgate.com,Male,193.19.148.255
645,Papageno,Rablin,prablinhw@umich.edu,Male,3.159.160.204
646,Jacob,Swindlehurst,jswindlehursthx@blogspot.com,Male,134.61.82.122
647,Danielle,Philbrook,dphilbrookhy@jimdo.com,Female,49.107.19.244
648,Pet,MacPaden,pmacpadenhz@moonfruit.com,Female,99.217.74.179
649,Dona,Jansik,djansiki0@alibaba.com,Female,225.230.219.74
650,Joli,Teague,jteaguei1@naver.com,Female,54.186.246.117
651,Gilberte,Buff,gbuffi2@yandex.ru,Female,248.4.71.75
652,Bondy,McGuff,bmcguffi3@scientificamerican.com,Male,123.68.205.159
653,Min,Bletso,mbletsoi4@mapy.cz,Female,1.35.250.202
654,Jan,Warrener,jwarreneri5@xing.com,Male,8.151.77.220
655,Darb,Ringe,dringei6@rediff.com,Female,113.84.56.219
656,Della,Ascrofte,dascroftei7@washington.edu,Female,177.3.136.3
657,Trudie,Antrobus,tantrobusi8@elegantthemes.com,Female,237.223.74.46
658,Elana,Dewar,edewari9@bing.com,Female,57.165.241.133
659,Caddric,Ingold,cingoldia@g.co,Male,222.41.66.136
660,Danya,Derbyshire,dderbyshireib@smugmug.com,Female,60.71.207.114
661,Roy,Patkin,rpatkinic@army.mil,Male,104.132.210.95
662,Elyssa,Brickhill,ebrickhillid@tripod.com,Female,9.48.120.129
663,Lyndy,Casbourne,lcasbourneie@dedecms.com,Female,222.149.66.35
664,Lonna,Seeney,lseeneyif@goo.ne.jp,Female,206.211.12.79
665,Rosanna,McVeighty,rmcveightyig@pen.io,Female,182.129.50.175
666,Halsey,Bunning,hbunningih@storify.com,Male,186.75.23.237
667,Carolann,Acres,cacresii@goo.ne.jp,Female,204.247.220.247
668,Virginia,Stopper,vstopperij@rakuten.co.jp,Female,163.212.211.128
669,Jon,Nind,jnindik@illinois.edu,Male,21.26.26.208
670,Candice,Barke,cbarkeil@springer.com,Female,194.145.245.87
671,Ofilia,Alpine,oalpineim@aol.com,Female,122.13.32.16
672,Leonardo,Copeman,lcopemanin@cnn.com,Male,130.160.51.225
673,Nanni,MacCourt,nmaccourtio@gnu.org,Female,163.243.37.158
674,Elmer,Scrivenor,escrivenorip@fema.gov,Male,66.246.190.185
675,Rozella,Stimpson,rstimpsoniq@google.co.uk,Female,239.51.16.172
676,Brent,Iacapucci,biacapucciir@harvard.edu,Male,166.99.101.163
677,Tabby,Merrgen,tmerrgenis@clickbank.net,Male,167.195.19.149
678,Sybila,Coverlyn,scoverlynit@smh.com.au,Female,121.97.24.146
679,Dietrich,Soeiro,dsoeiroiu@bluehost.com,Male,117.200.130.7
680,Fredrika,Munkley,fmunkleyiv@constantcontact.com,Female,136.12.248.81
681,Chlo,Tuffs,ctuffsiw@cpanel.net,Female,203.198.147.76
682,Charissa,Crang,ccrangix@nyu.edu,Female,19.84.44.3
683,Eydie,Code,ecodeiy@house.gov,Female,92.60.63.66
684,Nessy,Cleminshaw,ncleminshawiz@aboutads.info,Female,45.138.171.238
685,Ulises,Le Leu,uleleuj0@imageshack.us,Male,139.208.175.221
686,Sherye,Pasek,spasekj1@census.gov,Female,238.128.69.169
687,Englebert,Lenz,elenzj2@phoca.cz,Male,248.11.15.90
688,Alick,Stare,astarej3@mashable.com,Male,131.48.120.255
689,Elianora,O'Hoey,eohoeyj4@tuttocitta.it,Female,103.41.75.134
690,Clement,Woodward,cwoodwardj5@furl.net,Male,36.246.22.190
691,Timmie,Harner,tharnerj6@cyberchimps.com,Male,218.1.142.176
692,Kinsley,Betonia,kbetoniaj7@imdb.com,Male,54.193.133.95
693,Aylmar,Kloss,aklossj8@mapquest.com,Male,170.246.105.219
694,Jasper,Garken,jgarkenj9@eventbrite.com,Male,66.111.185.242
695,Rollins,Huntingdon,rhuntingdonja@scribd.com,Male,184.78.178.23
696,Egor,Gershom,egershomjb@reference.com,Male,223.164.15.64
697,Elfrieda,Lowless,elowlessjc@amazon.co.jp,Female,40.216.0.145
698,Phyllys,Bosomworth,pbosomworthjd@samsung.com,Female,59.254.253.106
699,Carolina,Yitzhakof,cyitzhakofje@google.co.uk,Female,255.75.191.193
700,Joya,Flett,jflettjf@soup.io,Female,30.188.150.202
701,Butch,Najara,bnajarajg@behance.net,Male,75.189.117.191
702,Sandi,Popley,spopleyjh@intel.com,Female,164.144.1.241
703,Dorette,Jorge,djorgeji@over-blog.com,Female,1.220.156.29
704,Daffie,Guild,dguildjj@wufoo.com,Female,172.117.167.233
705,Pancho,Stienham,pstienhamjk@vinaora.com,Male,141.4.27.86
706,Sky,Crichmere,scrichmerejl@domainmarket.com,Male,25.235.55.67
707,Amabel,Felder,afelderjm@lulu.com,Female,204.23.46.198
708,Flinn,Aldins,faldinsjn@techcrunch.com,Male,51.241.164.33
709,Oneida,Stroyan,ostroyanjo@house.gov,Female,157.14.175.57
710,Glynis,Luthwood,gluthwoodjp@simplemachines.org,Female,182.6.25.85
711,Averill,Cowsby,acowsbyjq@un.org,Male,33.135.145.202
712,Yolanda,Minards,yminardsjr@wordpress.org,Female,53.24.63.137
713,Birch,Klosterman,bklostermanjs@si.edu,Male,12.212.3.109
714,Red,Fant,rfantjt@indiegogo.com,Male,15.62.177.118
715,Norrie,Serrell,nserrellju@nasa.gov,Male,192.5.164.8
716,Emalia,Blazejewski,eblazejewskijv@wordpress.com,Female,187.95.175.163
717,Ella,Lascelles,elascellesjw@merriam-webster.com,Female,188.206.25.47
718,Reinhold,Smees,rsmeesjx@de.vu,Male,214.129.91.124
719,Barris,Klarzynski,bklarzynskijy@dell.com,Male,173.209.20.226
720,Wilton,Portsmouth,wportsmouthjz@ameblo.jp,Male,68.19.176.128
721,Sid,Gawthrope,sgawthropek0@virginia.edu,Male,157.251.164.225
722,Prescott,Gillson,pgillsonk1@chron.com,Male,165.31.211.205
723,Lucian,Bloom,lbloomk2@cafepress.com,Male,216.129.217.101
724,Jocelyn,Walters,jwaltersk3@japanpost.jp,Female,223.21.81.134
725,Clementia,Colquitt,ccolquittk4@fc2.com,Female,216.32.12.20
726,Analise,Girard,agirardk5@sfgate.com,Female,247.12.12.9
727,Mario,Laxson,mlaxsonk6@wikimedia.org,Male,200.171.203.179
728,Milly,Gilling,mgillingk7@answers.com,Female,188.47.5.179
729,Coraline,Kubik,ckubikk8@t-online.de,Female,87.9.166.91
730,Violette,Nosworthy,vnosworthyk9@ucoz.ru,Female,249.230.50.140
731,Howard,McCheyne,hmccheyneka@icio.us,Male,35.111.36.66
732,Annabel,Focke,afockekb@cnet.com,Female,244.116.146.164
733,Celisse,Antonopoulos,cantonopouloskc@irs.gov,Female,92.251.23.170
734,Jerrie,Moult,jmoultkd@wix.com,Female,137.242.87.91
735,Erich,Clemont,eclemontke@qq.com,Male,10.89.181.230
736,Chicky,Feacham,cfeachamkf@simplemachines.org,Male,204.246.164.78
737,Binni,Scarratt,bscarrattkg@mlb.com,Female,135.115.116.157
738,Zsa zsa,Feldstein,zfeldsteinkh@globo.com,Female,184.31.7.40
739,Valina,Wicks,vwickski@youtube.com,Female,31.6.120.156
740,Lil,Hallibone,lhallibonekj@wsj.com,Female,2.161.70.69
741,Gibby,Offord,goffordkk@hubpages.com,Male,61.174.111.169
742,Debera,Foord,dfoordkl@hugedomains.com,Female,230.2.232.91
743,Cilka,Sprasen,csprasenkm@japanpost.jp,Female,43.88.231.21
744,Stafford,Orthmann,sorthmannkn@multiply.com,Male,205.117.166.203
745,Ann-marie,Camerati,acameratiko@goodreads.com,Female,183.105.243.23
746,Stevie,McLae,smclaekp@washington.edu,Male,56.187.138.24
747,Imelda,Drewet,idrewetkq@google.co.uk,Female,109.212.5.172
748,Alfi,Cristofolini,acristofolinikr@ask.com,Female,189.249.29.49
749,Alverta,Tryme,atrymeks@bloomberg.com,Female,230.176.33.88
750,Shaylynn,Gledhill,sgledhillkt@friendfeed.com,Female,102.28.168.107
751,Milicent,Lipscomb,mlipscombku@yellowpages.com,Female,229.56.237.247
752,Stanton,Hansberry,shansberrykv@dagondesign.com,Male,220.190.21.74
753,Birgitta,Millea,bmilleakw@so-net.ne.jp,Female,14.23.19.225
754,Frankie,Goodred,fgoodredkx@netscape.com,Female,41.241.243.202
755,Sharity,Parker,sparkerky@nba.com,Female,101.11.192.165
756,Lonna,Elmhurst,lelmhurstkz@about.me,Female,203.44.60.183
757,Ingar,Doucette,idoucettel0@xrea.com,Male,204.48.251.54
758,Stanford,Blewitt,sblewittl1@delicious.com,Male,173.19.82.188
759,Douglass,Baroux,dbarouxl2@newsvine.com,Male,197.136.149.85
760,Tabbie,Larchiere,tlarchierel3@shutterfly.com,Male,96.226.92.41
761,Guinevere,Hickford,ghickfordl4@alexa.com,Female,108.0.68.117
762,Blake,Elvins,belvinsl5@seattletimes.com,Female,245.192.125.171
763,Dru,Laurenceau,dlaurenceaul6@springer.com,Female,167.120.199.231
764,Gabie,Sleight,gsleightl7@reuters.com,Male,122.160.44.192
765,Godfry,Doughty,gdoughtyl8@google.co.jp,Male,20.31.29.247
766,Betty,Speere,bspeerel9@lulu.com,Female,130.44.46.134
767,Jobina,Jelf,jjelfla@blogger.com,Female,46.249.252.94
768,Andrey,Timlin,atimlinlb@google.com.br,Male,107.115.48.69
769,Deny,Verbruggen,dverbruggenlc@photobucket.com,Female,100.226.55.106
770,Stirling,Barkworth,sbarkworthld@shareasale.com,Male,84.52.146.112
771,Rodrique,Morpeth,rmorpethle@netscape.com,Male,41.68.83.190
772,Gilberta,MacConneely,gmacconneelylf@cornell.edu,Female,152.204.45.213
773,Koralle,Comber,kcomberlg@360.cn,Female,251.107.93.139
774,Berti,Matterface,bmatterfacelh@linkedin.com,Female,198.138.102.172
775,Padraig,Skoyles,pskoylesli@rediff.com,Male,121.108.172.44
776,Eziechiele,Walsom,ewalsomlj@mapquest.com,Male,95.116.117.48
777,Mariellen,Speenden,mspeendenlk@de.vu,Female,17.100.214.103
778,Kevina,Jilkes,kjilkesll@merriam-webster.com,Female,85.193.123.223
779,Keenan,Marshal,kmarshallm@msn.com,Male,123.50.76.114
780,Valry,Cambridge,vcambridgeln@cdc.gov,Female,215.14.44.80
781,Lancelot,Mundwell,lmundwelllo@hatena.ne.jp,Male,106.142.38.140
782,Freddy,Millican,fmillicanlp@bluehost.com,Male,136.207.113.181
783,Grace,Pellitt,gpellittlq@istockphoto.com,Female,17.21.240.73
784,Ephraim,Coverley,ecoverleylr@aboutads.info,Male,118.109.213.24
785,Tamas,Mawson,tmawsonls@china.com.cn,Male,242.180.93.169
786,Kippie,Gymlett,kgymlettlt@dagondesign.com,Female,225.237.242.128
787,Hesther,Muspratt,hmusprattlu@who.int,Female,41.236.136.13
788,Robb,Doeg,rdoeglv@free.fr,Male,112.166.179.195
789,Levi,Fetherstone,lfetherstonelw@1und1.de,Male,109.226.59.130
790,Min,Egdal,megdallx@washingtonpost.com,Female,207.56.120.88
791,Patton,Kenney,pkenneyly@hatena.ne.jp,Male,140.172.174.230
792,Yuri,Austing,yaustinglz@istockphoto.com,Male,109.192.102.79
793,Alice,Griffitts,agriffittsm0@drupal.org,Female,119.125.2.25
794,Whitney,Arlt,warltm1@hexun.com,Male,20.6.106.152
795,Ilise,Gohier,igohierm2@google.es,Female,217.179.111.140
796,Lenard,Matula,lmatulam3@vk.com,Male,33.21.199.147
797,Dom,Gateland,dgatelandm4@tripod.com,Male,16.202.165.210
798,Burgess,Ivushkin,bivushkinm5@twitpic.com,Male,195.165.196.241
799,Marleah,Ewence,mewencem6@hostgator.com,Female,107.142.100.118
800,Sharon,Gantlett,sgantlettm7@hc360.com,Female,122.53.192.229
801,Irwinn,Dreakin,idreakinm8@github.com,Male,70.76.164.117
802,Randie,Dust,rdustm9@vimeo.com,Male,151.168.147.87
803,Tate,Gissop,tgissopma@slashdot.org,Male,63.27.114.37
804,Vladamir,Fazackerley,vfazackerleymb@upenn.edu,Male,105.220.3.99
805,Tyrus,Dugall,tdugallmc@newsvine.com,Male,102.93.188.155
806,Marietta,Inderwick,minderwickmd@unicef.org,Female,55.171.7.24
807,Elvera,Burnard,eburnardme@patch.com,Female,34.23.173.38
808,Toni,Gladdis,tgladdismf@upenn.edu,Female,222.218.181.87
809,Sally,Britt,sbrittmg@springer.com,Female,127.160.44.224
810,Nicolai,Kernaghan,nkernaghanmh@goodreads.com,Male,158.198.118.240
811,Rebekkah,Wyllt,rwylltmi@redcross.org,Female,167.91.1.45
812,Augustine,Jadczak,ajadczakmj@nymag.com,Female,16.123.3.169
813,Reeba,St. Hill,rsthillmk@who.int,Female,123.167.186.41
814,Pincas,Ormonde,pormondeml@ycombinator.com,Male,107.179.158.31
815,Gay,Garard,ggarardmm@sciencedaily.com,Male,182.225.192.92
816,Burch,McClintock,bmcclintockmn@livejournal.com,Male,58.173.60.101
817,Garrott,Maddocks,gmaddocksmo@uol.com.br,Male,160.255.132.133
818,Read,Boutflour,rboutflourmp@narod.ru,Male,93.239.113.212
819,Janene,Bollard,jbollardmq@microsoft.com,Female,86.98.93.54
820,Eveline,Masterman,emastermanmr@imdb.com,Female,246.116.102.212
821,Erv,Oguz,eoguzms@nature.com,Male,51.27.244.49
822,Marc,Wong,mwongmt@sohu.com,Male,81.167.170.143
823,Hart,Bolsover,hbolsovermu@edublogs.org,Male,40.143.177.249
824,Missie,Osinin,mosininmv@blogspot.com,Female,91.56.172.120
825,Corly,Thaine,cthainemw@nationalgeographic.com,Female,118.45.55.5
826,Obadias,Boucher,obouchermx@example.com,Male,200.105.166.70
827,Estelle,Belfield,ebelfieldmy@abc.net.au,Female,66.140.170.251
828,Penn,Sains,psainsmz@google.pl,Male,166.114.191.93
829,Mufi,Munnion,mmunnionn0@studiopress.com,Female,157.51.197.226
830,Elston,Latehouse,elatehousen1@wufoo.com,Male,116.217.244.81
831,Garnette,Swansborough,gswansboroughn2@1688.com,Female,128.190.131.223
832,Dyann,Cornilleau,dcornilleaun3@spotify.com,Female,66.148.164.229
833,Trace,Vasin,tvasinn4@paypal.com,Male,235.145.130.18
834,Packston,Brabyn,pbrabynn5@psu.edu,Male,184.95.220.82
835,Zorah,Radbourne,zradbournen6@exblog.jp,Female,20.122.187.17
836,Dyan,Packwood,dpackwoodn7@tumblr.com,Female,150.70.32.7
837,Duke,Kilfether,dkilfethern8@independent.co.uk,Male,33.203.61.8
838,Opalina,Stanaway,ostanawayn9@yahoo.co.jp,Female,142.92.29.253
839,Corbie,Hollows,chollowsna@mapy.cz,Male,161.118.7.210
840,Darleen,Obal,dobalnb@newyorker.com,Female,129.10.50.31
841,Saxon,Crate,scratenc@telegraph.co.uk,Male,78.182.140.84
842,Dulcy,Haffenden,dhaffendennd@miitbeian.gov.cn,Female,138.80.104.58
843,Oneida,Gheorghie,ogheorghiene@uiuc.edu,Female,57.234.65.98
844,Basilius,Laying,blayingnf@bravesites.com,Male,128.90.138.154
845,Vincent,Scocroft,vscocroftng@timesonline.co.uk,Male,13.161.21.135
846,Alix,Ogilvy,aogilvynh@posterous.com,Male,97.241.115.90
847,Arlene,Hitchens,ahitchensni@simplemachines.org,Female,204.208.45.229
848,Dionysus,Spradbery,dspradberynj@xing.com,Male,160.1.221.43
849,Virgie,Whittock,vwhittocknk@spiegel.de,Male,66.242.152.152
850,Miner,Pray,mpraynl@tinypic.com,Male,136.233.219.236
851,Hagan,Drees,hdreesnm@earthlink.net,Male,85.253.26.202
852,Gordy,Bodycomb,gbodycombnn@nhs.uk,Male,187.236.165.97
853,Claus,Cometto,ccomettono@g.co,Male,0.34.156.48
854,Forbes,Peirson,fpeirsonnp@mtv.com,Male,29.145.187.72
855,Valry,Cawthron,vcawthronnq@chicagotribune.com,Female,173.81.253.235
856,Holly,Bysaker,hbysakernr@latimes.com,Female,219.247.239.105
857,Shell,Margiotta,smargiottans@cnet.com,Male,163.203.201.231
858,Marcellina,Schout,mschoutnt@narod.ru,Female,102.207.134.37
859,Saundra,Huelin,shuelinnu@yellowpages.com,Female,27.142.135.244
860,Anson,Farrar,afarrarnv@msn.com,Male,216.187.102.111
861,Marybelle,Gillhespy,mgillhespynw@google.es,Female,157.40.127.223
862,Kata,Leport,kleportnx@bandcamp.com,Female,5.169.99.0
863,Jaynell,Murie,jmurieny@php.net,Female,167.29.160.109
864,Parry,Bolles,pbollesnz@wired.com,Male,219.9.68.141
865,Emmalee,Ludlow,eludlowo0@google.de,Female,200.48.143.79
866,Lurleen,Yacob,lyacobo1@comcast.net,Female,215.13.132.48
867,Ellerey,Martt,emartto2@nytimes.com,Male,25.187.216.103
868,Christian,Dixey,cdixeyo3@123-reg.co.uk,Female,21.225.90.65
869,Annecorinne,Cleevely,acleevelyo4@china.com.cn,Female,181.125.205.187
870,Dell,Whitnell,dwhitnello5@samsung.com,Male,255.102.74.210
871,Georgetta,Meneux,gmeneuxo6@so-net.ne.jp,Female,16.98.170.223
872,Tiler,Goldspink,tgoldspinko7@last.fm,Male,23.213.104.157
873,Phillipp,McCarroll,pmccarrollo8@angelfire.com,Male,158.196.132.110
874,Mendie,Meeny,mmeenyo9@nature.com,Male,77.164.142.64
875,Artie,McShea,amcsheaoa@yelp.com,Male,206.243.10.138
876,Paola,Parley,pparleyob@geocities.com,Female,232.151.66.19
877,Laurence,Colthard,lcolthardoc@linkedin.com,Male,169.122.143.65
878,Vachel,Terney,vterneyod@chicagotribune.com,Male,167.198.58.205
879,Chancey,Pickett,cpickettoe@google.ru,Male,79.184.181.12
880,Janice,Shuttleworth,jshuttleworthof@apache.org,Female,103.105.74.164
881,Alexandros,Dudek,adudekog@t.co,Male,111.170.89.198
882,Ignatius,Toovey,itooveyoh@tripadvisor.com,Male,19.103.232.106
883,Louise,Robus,lrobusoi@nasa.gov,Female,190.1.63.27
884,Aldus,Aronson,aaronsonoj@booking.com,Male,127.241.235.65
885,Nanci,Alishoner,nalishonerok@csmonitor.com,Female,187.37.196.157
886,Pollyanna,Kempton,pkemptonol@oracle.com,Female,84.60.188.34
887,Alayne,Glasspoole,aglasspooleom@wufoo.com,Female,62.71.27.101
888,Johnathan,Hickenbottom,jhickenbottomon@devhub.com,Male,237.240.65.233
889,Sindee,Scardefield,sscardefieldoo@auda.org.au,Female,196.77.202.143
890,Anastasie,Harston,aharstonop@sciencedaily.com,Female,139.97.41.90
891,Adriana,Petche,apetcheoq@xing.com,Female,54.74.172.10
892,Hyacinthia,Patient,hpatientor@blogs.com,Female,136.59.10.30
893,Nance,Erat,neratos@exblog.jp,Female,156.227.80.34
894,Winnah,Peaseman,wpeasemanot@feedburner.com,Female,211.153.225.161
895,Jayson,Leroy,jleroyou@adobe.com,Male,46.224.176.209
896,Alwyn,Collcott,acollcottov@nyu.edu,Male,172.83.152.150
897,Reider,Grelik,rgrelikow@bigcartel.com,Male,168.26.112.243
898,Araldo,Schustl,aschustlox@nbcnews.com,Male,248.136.8.80
899,Leonid,Pegrum,lpegrumoy@discuz.net,Male,51.184.173.97
900,Patricia,Gobbet,pgobbetoz@wix.com,Female,12.145.90.235
901,Alonzo,Redan,aredanp0@uol.com.br,Male,12.178.34.3
902,Allan,Rockingham,arockinghamp1@photobucket.com,Male,141.173.66.14
903,Timothy,Petofi,tpetofip2@ocn.ne.jp,Male,88.49.118.142
904,Elsie,Cuncliffe,ecuncliffep3@microsoft.com,Female,87.72.144.245
905,Micki,Lumly,mlumlyp4@nytimes.com,Female,121.245.162.220
906,Levi,Koeppke,lkoeppkep5@github.com,Male,150.74.20.94
907,Monica,Ferrulli,mferrullip6@4shared.com,Female,224.148.166.200
908,Jodie,Huntley,jhuntleyp7@people.com.cn,Female,190.149.76.214
909,Cornie,Soda,csodap8@livejournal.com,Male,109.75.189.8
910,Sanford,Diggell,sdiggellp9@springer.com,Male,213.45.86.204
911,Hersch,Barke,hbarkepa@i2i.jp,Male,240.19.92.52
912,Amargo,Kennerley,akennerleypb@ftc.gov,Female,254.168.189.248
913,Cammy,Sallans,csallanspc@blinklist.com,Male,60.66.15.67
914,Lanny,Seakin,lseakinpd@uiuc.edu,Male,53.178.188.227
915,Karen,Beake,kbeakepe@dion.ne.jp,Female,23.227.70.220
916,Paulina,Jolliff,pjolliffpf@unesco.org,Female,240.120.83.97
917,Silvester,Farryn,sfarrynpg@yandex.ru,Male,220.88.121.175
918,Mattie,Igoe,migoeph@sitemeter.com,Male,52.228.10.56
919,Powell,Fernie,pferniepi@sciencedaily.com,Male,184.238.198.82
920,Courtney,MacConnechie,cmacconnechiepj@uol.com.br,Female,204.155.23.99
921,Travers,Sherlock,tsherlockpk@ted.com,Male,203.183.98.165
922,Dyann,Gilbeart,dgilbeartpl@constantcontact.com,Female,67.168.177.254
923,Andrej,Ribbens,aribbenspm@rediff.com,Male,6.11.140.249
924,Katee,Lainton,klaintonpn@dion.ne.jp,Female,74.85.94.202
925,Tabbi,Nisbith,tnisbithpo@sbwire.com,Female,2.220.64.210
926,Micheal,Starcks,mstarckspp@reference.com,Male,163.142.208.149
927,Shellie,Lehemann,slehemannpq@wufoo.com,Female,62.8.104.37
928,Rodie,Story,rstorypr@gmpg.org,Female,121.238.111.179
929,Jewell,Maccrea,jmaccreaps@sbwire.com,Female,227.241.85.42
930,Sandie,Earthfield,searthfieldpt@house.gov,Female,48.190.198.206
931,Reinaldos,Saffer,rsafferpu@rambler.ru,Male,162.228.102.26
932,Dena,Longhurst,dlonghurstpv@google.it,Female,106.149.79.73
933,Sholom,Apfel,sapfelpw@usatoday.com,Male,224.143.170.240
934,Doll,Raspison,draspisonpx@cbc.ca,Female,131.206.250.37
935,Jessika,Allden,jalldenpy@friendfeed.com,Female,249.68.45.188
936,Aura,Sleigh,asleighpz@unc.edu,Female,251.30.156.205
937,Maximilianus,Dunnaway,mdunnawayq0@elpais.com,Male,122.167.236.252
938,Frannie,Brydson,fbrydsonq1@purevolume.com,Male,134.42.40.157
939,Serena,Spracklin,sspracklinq2@ustream.tv,Female,205.136.146.184
940,Karen,Sturch,ksturchq3@163.com,Female,5.237.134.108
941,Roselia,Abramcik,rabramcikq4@psu.edu,Female,241.17.192.19
942,Basile,Bolter,bbolterq5@free.fr,Male,69.32.223.244
943,Aretha,Bruinsma,abruinsmaq6@51.la,Female,149.138.181.141
944,Gilda,Saer,gsaerq7@vkontakte.ru,Female,116.113.153.56
945,Alasdair,Beeby,abeebyq8@weather.com,Male,175.134.65.178
946,Augustina,Bonevant,abonevantq9@delicious.com,Female,135.250.32.31
947,Ad,Rapps,arappsqa@samsung.com,Male,34.29.26.78
948,Leoine,Littledike,llittledikeqb@purevolume.com,Female,173.42.118.133
949,Priscella,MacAllester,pmacallesterqc@umn.edu,Female,49.62.27.100
950,Bar,Groombridge,bgroombridgeqd@wired.com,Male,137.43.255.184
951,Millard,Elsie,melsieqe@hhs.gov,Male,37.65.25.249
952,Cathee,Lailey,claileyqf@state.gov,Female,142.146.86.127
953,Garrott,Griffen,ggriffenqg@etsy.com,Male,26.115.138.88
954,Bartolomeo,Warburton,bwarburtonqh@simplemachines.org,Male,152.72.240.149
955,Jeffy,Tomaskunas,jtomaskunasqi@goo.ne.jp,Male,100.6.89.195
956,Stephie,Afield,safieldqj@drupal.org,Female,167.141.190.35
957,Jodie,Eydel,jeydelqk@flickr.com,Female,206.113.117.17
958,Ansley,Cesconi,acesconiql@shop-pro.jp,Female,70.78.115.48
959,Averyl,Hearson,ahearsonqm@amazon.co.uk,Female,107.174.102.190
960,Errol,Andreopolos,eandreopolosqn@netvibes.com,Male,245.225.43.37
961,Sofie,Meletti,smelettiqo@geocities.jp,Female,89.78.107.214
962,Gabbie,Girdler,ggirdlerqp@slashdot.org,Female,20.71.115.162
963,Wilden,Gerhartz,wgerhartzqq@google.com.au,Male,140.246.77.239
964,Burl,Suckling,bsucklingqr@senate.gov,Male,95.59.193.56
965,Virginia,Taggart,vtaggartqs@google.nl,Female,151.26.234.43
966,Bellina,Middle,bmiddleqt@qq.com,Female,194.182.220.114
967,Fredia,Roper,froperqu@sourceforge.net,Female,175.249.239.170
968,Delly,Pettis,dpettisqv@archive.org,Female,10.121.180.73
969,Armando,Boldison,aboldisonqw@state.tx.us,Male,71.14.68.206
970,Weston,Cassar,wcassarqx@columbia.edu,Male,198.200.222.146
971,Laure,Devas,ldevasqy@sphinn.com,Female,237.218.76.148
972,Keir,Crudge,kcrudgeqz@usatoday.com,Male,249.136.224.47
973,Lorraine,Goodbairn,lgoodbairnr0@fotki.com,Female,220.136.12.202
974,Cy,Lawford,clawfordr1@chronoengine.com,Male,95.225.61.96
975,Fionna,Kisar,fkisarr2@addthis.com,Female,107.92.180.18
976,Annabela,Woodwin,awoodwinr3@sakura.ne.jp,Female,2.114.58.37
977,Trey,Saban,tsabanr4@hc360.com,Male,239.231.12.151
978,Theresa,Creane,tcreaner5@zimbio.com,Female,119.209.27.2
979,Phoebe,Baldry,pbaldryr6@woothemes.com,Female,192.145.174.194
980,Kelbee,Diehn,kdiehnr7@myspace.com,Male,163.242.47.183
981,Regan,Bamling,rbamlingr8@wisc.edu,Female,74.20.54.187
982,Shoshanna,Cakebread,scakebreadr9@woothemes.com,Female,220.100.39.181
983,Kaile,Bolter,kbolterra@feedburner.com,Female,247.194.115.13
984,Merle,Longden,mlongdenrb@usnews.com,Female,222.201.93.150
985,Howie,Klaussen,hklaussenrc@accuweather.com,Male,39.203.85.61
986,Katrina,Porcher,kporcherrd@odnoklassniki.ru,Female,80.48.117.53
987,Debee,Geale,dgealere@liveinternet.ru,Female,166.96.224.83
988,Eward,Bortolussi,ebortolussirf@clickbank.net,Male,137.63.44.141
989,Alyse,McEntee,amcenteerg@live.com,Female,161.102.205.8
990,Petr,Aldred,paldredrh@issuu.com,Male,196.67.27.130
991,Dulcea,Hubery,dhuberyri@imdb.com,Female,64.3.99.123
992,Charlton,Lapping,clappingrj@google.it,Male,69.176.25.30
993,Annamaria,Janodet,ajanodetrk@cnbc.com,Female,2.0.160.95
994,Gerry,Paish,gpaishrl@nih.gov,Male,192.245.149.236
995,Gretna,Tremble,gtremblerm@blogspot.com,Female,11.116.246.77
996,Henri,China,hchinarn@ted.com,Male,199.81.206.199
997,Dinny,Becerro,dbecerroro@tiny.cc,Female,137.252.53.86
998,Blondy,Carvilla,bcarvillarp@4shared.com,Female,75.40.50.26
999,Silvana,Ogilvy,sogilvyrq@bizjournals.com,Female,250.120.152.135
1000,Katinka,Mandry,kmandryrr@tinypic.com,Female,24.149.134.98
